Protein_ID,Sequence
10,MDIEAYFERIGYKNSRNKLDLETLTDILEHQIRAVPFENLNMHCGQAMELGLEAIFDHIVRRNRGGWCLQVNQLLYWALTTIGFQTTMLGGYFYIPPVNKYSTGMVHLLLQVTIDGRNYIVDAGSGSSSQMWQPLELISGKDQPQVPCIFCLTEERGIWYLDQIRREQYITNKEFLNSHLLPKKKHQKIYLFTLEPRTIEDFESMNTYLQTSPTSSFITTSFCSLQTPEGVYCLVGFILTYRKFNYKDNTDLVEFKTLTEEEVEEVLRNIFKISLGRNLVPKPGDGSLTI
100,MAQTPAFDKPKVELHVHLDGSIKPETILYYGRRRGIALPANTAEGLLNVIGMDKPLTLPDFLAKFDYYMPAIAGCREAIKRIAYEFVEMKAKEGVVYVEVRYSPHLLANSKVEPIPWNQAEGDLTPDEVVALVGQGLQEGERDFGVKARSILCCMRHQPNWSPKVVELCKKYQQQTVVAIDLAGDETIPGSSLLPGHVQAYQEAVKSGIHRTVHAGEVGSAEVVKEAVDILKTERLGHGYHTLEDQALYNRLRQENMHFEICPWSSYLTGAWKPDTEHAVIRLKNDQANYSLNTDDPLIFKSTLDTDYQMTKRDMGFTEEEFKRLNINAAKSSFLPEDEKRELLDLLYKAYGMPPSASAGQNL
10008,METTNGTETWYESLHAVLKALNATLHSNLLCRPGPGLGPDNQTEERRASLPGRDDNSYMYILFVMFLFAVTVGSLILGYTRSRKVDKRSDPYHVYIKNRVSMI
10056,MPTVSVKRDLLFQALGRTYTDEEFDELCFEFGLELDEITSEKEIISKEQGNVKAAGASDVVLYKIDVPANRYDLLCLEGLVRGLQVFKERIKAPVYKRVMPDGKIQKLIITEETAKIRPFAVAAVLRNIKFTKDRYDSFIELQEKLHQNICRKRALVAIGTHDLDTLSGPFTYTAKRPSDIKFKPLNKTKEYTACELMNIYKTDNHLKHYLHIIENKPLYPVIYDSNGVVLSMPPIINGDHSRITVNTRNIFIECTGTDFTKAKIVLDIIVTMFSEYCENQFTVEAAEVVFPNGKSHTFPELAYRKEMVRADLINKKVGIRETPENLAKLLTRMYLKSEVIGDGNQIEIEIPPTRADIIHACDIVEDAAIAYGYNNIQMTLPKTYTIANQFPLNKLTELLRHDMAAAGFTEALTFALCSQEDIADKLGVDISATKAVHISNPKTAEFQVARTTLLPGLLKTIAANRKMPLPLKLFEISDIVIKDSNTDVGAKNYRHLCAVYYNKNPGFEIIHGLLDRIMQLLDVPPGEDKGGYVIKASEGPAFFPGRCAEIFARGQSVGKLGVLHPDVITKFELTMPCSSLEINVGPFL
10161,MVSVNSSHCFYNDSFKYTLYGCMFSMVFVLGLISNCVAIYIFICVLKVRNETTTYMINLAMSDLLFVFTLPFRIFYFTTRNWPFGDLLCKISVMLFYTNMYGSILFLTCISVDRFLAIVYPFKSKTLRTKRNAKIVCTGVWLTVIGGSAPAVFVQSTHSQGNNASEACFENFPEATWKTYLSRIVIFIEIVGFFIPLILNVTCSSMVLKTLTKPVTLSRSKINKTKVLKMIFVHLIIFCFCFVPYNINLILYSLVRTQTFVNCSVVAAVRTMYPITLCIAVSNCCFDPIVYYFTSDTIQNSIKMKNWSVRRSDFRFSEVHGAENFIQHNLQTLKSKIFDNESAA
1017,MENFQKVEKIGEGTYGVVYKARNKLTGEVVALKKIRLDTETEGVPSTAIREISLLKELNHPNIVKLLDVIHTENKLYLVFEFLHQDLKKFMDASALTGIPLPLIKSYLFQLLQGLAFCHSHRVLHRDLKPQNLLINTEGAIKLADFGLARAFGVPVRTYTHEVVTLWYRAPEILLGCKYYSTAVDIWSLGCIFAEMVTRRALFPGDSEIDQLFRIFRTLGTPDEVVWPGVTSMPDYKPSFPKWARQDFSKVVPPLDEDGRSLLSQMLHYDPNKRISAKAALAHPFFQDVTKPVPHLRL
1018,MDMFQKVEKIGEGTYGVVYKAKNRETGQLVALKKIRLDLEMEGVPSTAIREISLLKELKHPNIVRLLDVVHNERKLYLVFEFLSQDLKKYMDSTPGSELPLHLIKSYLFQLLQGVSFCHSHRVIHRDLKPQNLLINELGAIKLADFGLARAFGVPLRTYTHEVVTLWYRAPEILLGSKFYTTAVDIWSIGCIFAEMVTRKALFPGDSEIDQLFRIFRMLGTPSEDTWPGVTQLPDYKGSFPKWTRKGLEEIVPNLEPEGRDLLMQLLQYDPSQRITAKTALAHPYFSSPEPSPAARQYVLQRFRH
1019,MATSRYEPVAEIGVGAYGTVYKARDPHSGHFVALKSVRVPNGGGGGGGLPISTVREVALLRRLEAFEHPNVVRLMDVCATSRTDREIKVTLVFEHVDQDLRTYLDKAPPPGLPAETIKDLMRQFLRGLDFLHANCIVHRDLKPENILVTSGGTVKLADFGLARIYSYQMALTPVVVTLWYRAPEVLLQSTYATPVDMWSVGCIFAEMFRRKPLFCGNSEADQLGKIFDLIGLPPEDDWPRDVSLPRGAFPPRGPRPVQSVVPEMEESGAQLLLEMLTFNPHKRISAFRALQHSYLHKDEGNPE
1020,MQKYEKLEKIGEGTYGTVFKAKNRETHEIVALKRVRLDDDDEGVPSSALREICLLKELKHKNIVRLHDVLHSDKKLTLVFEFCDQDLKKYFDSCNGDLDPEIVKSFLFQLLKGLGFCHSRNVLHRDLKPQNLLINRNGELKLADFGLARAFGIPVRCYSAEVVTLWYRPPDVLFGAKLYSTSIDMWSAGCIFAELANAGRPLFPGNDVDDQLKRIFRLLGTPTEEQWPSMTKLPDYKPYPMYPATTSLVNVVPKLNATGRDLLQNLLKCNPVQRISAEEALQHPYFSDFCPP
